{
  "team_0": [
    [
      0.09186046570539474,
      0.1197674423456192,
      0.075581394135952,
      0.12093023210763931,
      0.0,
      0.0,
      0.0,
      0.0,
      0.0,
      0.0,
      0.0,
      0.0,
      0.0011627906933426857,
      0.06627906858921051,
      0.1860465109348297,
      0.13488371670246124,
      0.15000000596046448,
      0.05348837375640869,
      0.11162790656089783,
      0.40930232405662537,
      0.32906976342201233,
      0.08488371968269348,
      0.025581395253539085,
      0.015116279013454914,
      0.0058139534667134285,
      0.01860465109348297,
      0.3088691234588623,
      0.2952576279640198,
      0.3460100293159485,
      0.184343621134758,
      0.19103281199932098,
      0.18912293016910553
    ],
    [
      0.14516128599643707,
      0.07624633610248566,
      0.06304985284805298,
      0.017595307901501656,
      0.0,
      0.0,
      0.0,
      0.0,
      0.0,
      0.0,
      0.0,
      0.0,
      0.0,
      0.0,
      0.0,
      0.055718474090099335,
      0.24193547666072845,
      0.4002932608127594,
      0.05131964758038521,
      0.35923752188682556,
      0.303519070148468,
      0.1173020526766777,
      0.0674486830830574,
      0.052785925567150116,
      0.02346041053533554,
      0.0249266866594553,
      0.4235179126262665,
      0.4095221757888794,
      0.5402449369430542,
      0.225667804479599,
      0.22691942751407623,
      0.23492734134197235
    ],
    [
      0.17732557654380798,
      0.22093023359775543,
      0.05523255839943886,
      0.029069768264889717,
      0.0,
      0.0,
      0.0,
      0.0,
      0.0,
      0.0,
      0.0,
      0.0,
      0.0,
      0.0,
      0.0,
      0.0029069767333567142,
      0.06104651093482971,
      0.45348837971687317,
      0.04360464960336685,
      0.2877906858921051,
      0.35755813121795654,
      0.1860465109348297,
      0.09011627733707428,
      0.02616279013454914,
      0.0058139534667134285,
      0.0029069767333567142,
      0.3492020070552826,
      0.35454854369163513,
      0.46787503361701965,
      0.1763572245836258,
      0.17520129680633545,
      0.1813015192747116
    ]
  ],
  "team_1": [
    [
      0.10370370000600815,
      0.004938271827995777,
      0.0,
      0.0,
      0.0,
      0.0,
      0.0,
      0.0,
      0.0,
      0.0,
      0.0,
      0.0,
      0.0,
      0.0,
      0.0,
      0.0,
      0.012345679104328156,
      0.8790123462677002,
      0.007407407276332378,
      0.06913580000400543,
      0.11358024924993515,
      0.19506172835826874,
      0.16049382090568542,
      0.17037037014961243,
      0.20987653732299805,
      0.07407407462596893,
      0.3478092551231384,
      0.26639553904533386,
      0.6214185357093811,
      0.1786847710609436,
      0.1903875321149826,
      0.18611618876457214
    ],
    [
      0.15131579339504242,
      0.11513157933950424,
      0.04934210702776909,
      0.00657894741743803,
      0.0,
      0.0,
      0.0,
      0.0,
      0.0,
      0.0,
      0.0,
      0.0,
      0.0,
      0.0,
      0.0,
      0.003289473708719015,
      0.021381579339504242,
      0.6529605388641357,
      0.016447369009256363,
      0.1381578892469406,
      0.17105263471603394,
      0.14802631735801697,
      0.17763157188892365,
      0.125,
      0.09539473801851273,
      0.12828947603702545,
      0.3373323082923889,
      0.29469171166419983,
      0.5858616828918457,
      0.1813880205154419,
      0.20068404078483582,
      0.17707550525665283
    ],
    [
      0.2373887300491333,
      0.10534124821424484,
      0.06231454014778137,
      0.04154302552342415,
      0.0,
      0.0,
      0.0,
      0.0,
      0.0,
      0.0,
      0.0,
      0.0,
      0.0,
      0.0,
      0.0,
      0.0,
      0.0014836795162409544,
      0.5519287586212158,
      0.029673591256141663,
      0.19584569334983826,
      0.32937684655189514,
      0.20919881761074066,
      0.11424332112073898,
      0.054896142333745956,
      0.04747774451971054,
      0.01928783394396305,
      0.39232560992240906,
      0.38411590456962585,
      0.5672019720077515,
      0.20919854938983917,
      0.20848557353019714,
      0.21115894615650177
    ]
  ]
}